	"Schneier on Security"	"The Superficial - Because You're Ugly"	"Search Engine Roundtable"	"Copyblogger"	"John Battelle's Search Blog"	"Engadget RSS Feed"	"TMZ.com"	"A Consuming Experience (full feed)"	"SimpleBits"	"Publishing 2.0"	"mezzoblue"	"Eschaton"	"PerezHilton"	"Slashdot"	"Matt Cutts: Gadgets, Google, and SEO"	"How to Change the World"	"TUAW - The Unofficial Apple Weblog"	"Gothamist"	"Instapundit"	"we make money not art"	"PaulStamatiou.com - Tech News, Reviews and Guides"	"BuzzMachine"	"Techdirt."	"Joi Ito's Web"	"Joho the Blog"	"ongoing by Tim Bray"	"NewsBusters - Exposing Liberal Media Bias"	"SpikedHumor - Today's Videos and Pictures"	"The Official Google Blog"	"kottke.org"	"456 Berea Street"	"Signal vs. Noise"	"Joel on Software"	"Boing Boing"	"The Full Feed from HuffingtonPost.com"	"flagrantdisregard"	"Pharyngula"	"Steve Pavlina's Personal Development Blog"	"WIL WHEATON dot NET"	"Online Marketing Report"	"Creating Passionate Users"	"Bloggers Blog"	"Scobleizer"	"Joystiq"	"Derek Powazek"	"Download Squad"	"Jeremy Zawodny's blog"	"@ProBlogger"	"Captain's Quarters"	"Crooks and Liars"	"plasticbag.org"	"ThinkProgress"	"blog maverick"	"gapingvoid: "cartoons drawn on the back of business cards""	"Topix Blog"	"The Viral Garden"	"43 Folders"	"Search Engine Watch - Latest"	"Autoblog"	"Daily Kos"	"Google Blogoscoped"	"Deadspin"	"The Dish"	"Go Fug Yourself"	"O'Reilly Radar"	"Little Green Footballs"	"MetaFilter"	"ReadWrite"	"Lifehack"	"Lifehacker"	"Google Operating System"	"ShoeMoney"	"Kotaku"	"Mashable"	"TechCrunch"	"Gizmodo"	"Neil Gaiman's Journal"	"Quick Online Tips"	"Oilman"	"Gawker"	"Michelle Malkin"	"Wired Top Stories"	"Seth Godin's Blog on marketing, tribes and respect"	
"Schneier on Security"	0.000000	
"The Superficial - Because You're Ugly"	0.982626	0.000000	
"Search Engine Roundtable"	0.998988	0.992953	0.000000	
"Copyblogger"	1.015516	0.902011	0.968862	0.000000	
"John Battelle's Search Blog"	0.958905	0.983252	0.692150	0.990919	0.000000	
"Engadget RSS Feed"	0.772577	0.941476	0.987513	0.955668	0.976835	0.000000	
"TMZ.com"	0.966768	0.710046	1.004922	0.943141	0.957715	0.972150	0.000000	
"A Consuming Experience (full feed)"	0.988117	0.975835	0.958892	1.022299	0.990962	0.894753	1.005707	0.000000	
"SimpleBits"	1.008920	0.867361	0.919326	0.953210	0.981852	0.956474	0.978643	0.964092	0.000000	
"Publishing 2.0"	0.908440	0.903238	0.835895	0.855040	0.890898	0.919920	0.986609	0.995584	0.869806	0.000000	
"mezzoblue"	0.993272	0.929922	0.914131	0.961563	1.007775	0.955400	0.975976	0.886529	0.742777	0.832806	0.000000	
"Eschaton"	0.949607	0.918555	1.016503	1.000627	0.987812	0.968806	0.926286	0.932870	0.955959	0.991916	0.909971	0.000000	
"PerezHilton"	0.979534	0.650157	1.021862	0.940465	1.010434	0.982409	0.633413	0.918063	0.944793	0.992338	0.953044	0.850239	0.000000	
"Slashdot"	0.717273	0.650046	0.978842	0.925941	0.987127	0.764730	0.958397	0.952014	0.955457	0.916010	0.966956	0.972609	0.918669	0.000000	
"Matt Cutts: Gadgets, Google, and SEO"	0.972740	0.906951	0.634289	0.982068	0.848670	0.912345	0.978993	0.913433	0.932692	0.802796	0.876443	0.921340	0.932241	0.920988	0.000000	
"How to Change the World"	1.017720	0.963216	0.942991	0.954728	1.000371	0.976519	1.001293	1.022078	0.721699	0.982172	1.024878	1.043743	1.044606	1.002417	0.921451	0.000000	
"TUAW - The Unofficial Apple Weblog"	0.988827	1.000350	0.991942	0.998422	0.949714	0.774405	1.021650	0.914559	0.944062	0.983462	0.963749	0.970764	0.993821	0.933200	0.952051	0.843681	0.000000	
"Gothamist"	0.982552	0.965157	1.007241	0.991253	0.988066	0.993042	0.919095	0.999812	0.990765	0.999639	1.004619	0.925370	0.926193	1.004611	0.964492	0.995862	0.362733	0.000000	
"Instapundit"	0.926628	0.888721	0.973690	0.965369	1.021210	0.969232	0.897390	1.030371	0.922396	0.928429	0.947702	0.863615	0.871646	0.923229	0.942194	0.911600	0.997021	0.955213	0.000000	
"we make money not art"	0.922763	0.971386	1.024396	0.859965	1.016025	0.894842	1.019042	0.985970	0.928390	0.915267	0.988340	0.983763	0.975268	0.944630	0.982168	0.914553	0.989342	1.008605	0.984010	0.000000	
"PaulStamatiou.com - Tech News, Reviews and Guides"	0.936371	0.829344	0.896283	0.922254	0.823091	0.829240	0.987431	0.798010	0.819043	0.860393	0.817134	0.918856	0.933002	0.838194	0.772545	0.975867	0.853631	0.993385	0.960046	0.921465	0.000000	
"BuzzMachine"	0.806364	0.864188	0.679027	0.972368	0.793217	0.885481	0.927524	0.878289	0.984256	0.752475	0.937033	0.973567	0.922524	0.865185	0.673880	0.963339	0.976244	0.965881	0.956417	0.981554	0.795481	0.000000	
"Techdirt."	0.781773	0.785014	0.938665	0.905703	0.976009	0.759472	0.837535	0.884526	0.905952	0.886883	0.882802	0.790282	0.758316	0.669673	0.843134	1.021703	0.645654	0.570378	0.842640	0.944981	0.811724	0.745906	0.000000	
"Joi Ito's Web"	0.983979	0.816987	1.016960	0.952401	0.865483	0.907410	0.838619	0.991867	0.844416	0.898052	0.952664	1.013120	0.948704	0.844932	0.874166	0.757233	0.974306	0.977844	0.893697	0.928798	0.859597	0.883204	0.885352	0.000000	
"Joho the Blog"	0.913774	0.856836	1.019000	0.974579	0.965347	0.864777	0.649785	0.915675	0.961868	0.985849	0.963957	0.942965	0.970687	0.963936	0.988818	1.011477	0.982017	0.951491	0.941287	0.968826	0.898812	0.952954	0.937566	0.893735	0.000000	
"ongoing by Tim Bray"	0.945102	0.950026	0.973579	1.005286	0.965382	0.958401	0.987876	0.924584	0.941752	0.960586	0.962514	0.957999	0.863449	0.886421	0.933090	0.979620	0.913994	0.980931	0.910129	0.995757	0.817624	0.929746	0.887900	0.989345	1.022337	0.000000	
"NewsBusters - Exposing Liberal Media Bias"	0.967302	0.886711	1.008752	1.009907	0.934125	0.980681	0.973699	0.984208	1.020983	0.987352	1.029240	0.884119	0.990868	0.852923	1.016472	1.022757	0.989392	1.001787	0.945518	0.995187	0.765481	0.885949	0.907555	0.965627	1.009758	1.016461	0.000000	
"SpikedHumor - Today's Videos and Pictures"	1.000000	0.939502	0.996449	1.009194	0.994439	0.927822	0.952708	0.975828	0.985126	0.986564	0.992967	0.926589	0.939060	0.996711	0.946366	1.001944	0.960563	0.968035	0.826346	0.999109	0.969433	0.967338	0.959371	0.999696	0.944577	0.963043	0.980260	0.000000	
"The Official Google Blog"	0.939488	0.970723	0.435442	0.921053	0.828285	0.825857	1.005755	0.864951	0.901091	0.837005	0.900329	0.988955	0.962004	0.853983	0.614379	0.955707	0.903276	0.941788	0.940913	0.902537	0.789150	0.636565	0.804161	0.942747	0.985859	0.879139	0.990580	0.955657	0.000000	
"kottke.org"	0.963455	0.842695	0.977455	0.957356	0.942290	0.932911	0.860594	0.920067	0.848551	0.938356	0.895946	0.850926	0.856786	0.912434	0.889546	0.989027	0.386988	0.139250	0.920691	0.961329	0.821143	0.909029	0.447672	0.873366	0.905376	0.932700	0.978765	0.963957	0.858603	0.000000	
"456 Berea Street"	0.903989	0.830552	0.984502	0.982187	0.961320	0.872927	1.044813	0.748947	0.817384	0.891765	0.788799	0.932195	0.924009	0.796239	0.889810	1.036071	0.909898	1.004364	0.986115	0.955566	0.639850	0.913915	0.841233	0.938057	0.922798	0.878913	0.962739	0.990948	0.903262	0.896517	0.000000	
"Signal vs. Noise"	0.942505	0.820456	1.003822	0.896669	0.946428	0.826406	0.929601	0.801322	0.833103	0.910266	0.851401	0.874311	0.859655	0.795050	0.811574	0.948504	0.848270	0.983991	0.913556	0.904851	0.641584	0.873540	0.769835	0.857941	0.888324	0.817179	1.017152	0.984391	0.816397	0.803302	0.742375	0.000000	
"Joel on Software"	0.956209	0.870773	0.944762	0.926123	0.953494	0.856983	0.979595	0.836573	0.866927	0.912139	0.855351	0.850706	0.921431	0.739569	0.800237	0.968939	0.867885	0.918704	0.956814	0.880753	0.741004	0.946948	0.745963	0.908349	0.935273	0.892829	0.999418	0.981821	0.838197	0.784133	0.757083	0.590803	0.000000	
"Boing Boing"	0.911457	0.895355	0.980653	0.967103	1.012985	0.937903	0.829471	0.961713	0.922104	0.974681	0.957193	0.897991	0.877466	0.907533	0.949922	0.976061	0.436231	0.181002	0.876002	0.931389	0.965915	0.920695	0.441501	0.931925	0.927908	0.967666	0.960957	0.951637	0.867957	0.209393	0.941316	0.936187	0.889064	0.000000	
"The Full Feed from HuffingtonPost.com"	0.937387	0.492635	1.008069	0.922987	0.983777	0.928263	0.726280	1.009477	0.978802	0.990406	1.021382	0.937306	0.787734	0.745108	0.959971	1.037772	1.000806	0.948625	0.906145	0.966608	0.937159	0.906195	0.882818	0.870658	0.841504	1.010996	0.730636	0.941368	0.999449	0.937995	0.881781	0.910350	0.969011	0.888676	0.000000	
"flagrantdisregard"	1.000536	1.015834	0.961500	1.009627	1.003497	0.926334	1.008636	0.926022	0.961478	0.992217	1.008657	1.004181	0.997981	0.938306	0.932574	1.004841	0.940730	0.996355	0.992507	0.973881	0.929879	0.967536	0.968211	1.007189	1.014874	0.895584	1.016392	0.949015	0.906709	0.957050	0.894016	0.966655	0.851486	0.986593	1.009885	0.000000	
"Pharyngula"	0.966181	0.936365	0.911835	0.988086	0.874436	0.958937	0.950904	0.923468	0.860056	0.971625	0.926420	0.899374	0.892951	0.914371	0.877640	0.965778	0.954268	0.983818	0.916484	1.004716	0.803824	0.835339	0.877906	0.964856	0.944631	0.882614	0.983363	0.980076	0.891057	0.900190	0.911670	0.816425	0.819013	0.971197	1.003772	0.913377	0.000000	
"Steve Pavlina's Personal Development Blog"	1.031402	0.690323	1.018176	0.891448	0.930250	1.013210	0.967372	0.976798	0.956408	0.975639	0.964060	0.985348	0.997538	0.795172	0.961153	1.017076	1.010775	0.999863	0.993042	0.974255	0.873521	0.977021	0.974887	0.850110	0.969826	0.923555	0.937658	0.993962	0.956654	0.952160	0.888057	0.890124	0.915997	0.997066	0.820819	0.969656	0.876356	0.000000	
"WIL WHEATON dot NET"	0.980621	0.665239	0.992955	0.901154	0.961594	0.926589	0.734383	0.898873	0.819628	0.958731	0.800843	0.810047	0.659756	0.865758	0.837575	0.969271	0.936016	0.854795	0.820681	0.958008	0.726784	0.810284	0.665438	0.835483	0.925813	0.818175	1.009030	0.938274	0.863886	0.677638	0.902882	0.689374	0.772627	0.774658	0.843793	0.870230	0.828278	0.873597	0.000000	
"Online Marketing Report"	1.009087	0.982926	0.967084	0.978584	0.943067	0.973283	1.015035	0.962014	0.944225	0.951618	0.981501	0.985764	0.995145	0.997056	0.917867	0.985555	0.994088	0.996008	1.014334	1.024267	0.890045	0.934339	0.959707	1.013743	1.009706	0.901389	1.018470	0.986872	0.980503	0.975668	0.996284	0.938935	0.921675	0.978407	1.023091	0.970401	0.918084	0.966895	0.870931	0.000000	
"Creating Passionate Users"	0.991535	0.974946	0.981341	0.981629	0.836944	0.994929	1.032235	0.954361	0.895705	0.899446	0.934882	0.933672	0.962577	0.924498	0.904562	1.017792	0.912585	1.006926	0.983629	0.932057	0.757005	0.890306	0.970637	0.954323	0.989719	0.925563	0.920605	0.997988	0.955578	0.950160	0.895729	0.807932	0.857441	1.015922	1.043832	1.043424	0.870462	0.976710	0.932154	0.985700	0.000000	
"Bloggers Blog"	0.981883	0.801662	0.862269	0.962464	0.982255	0.987018	0.961368	1.012175	1.013549	0.858897	1.028998	1.046158	0.969279	0.791798	0.879838	0.967364	0.991640	1.004227	0.990594	1.020715	0.905446	0.907962	1.010150	0.987547	0.936651	0.966937	0.935725	0.975284	0.858089	1.005150	0.972696	0.970438	1.028044	0.989426	0.858349	0.980280	1.008245	0.904086	1.026914	0.931176	0.940858	0.000000	
"Scobleizer"	1.013932	0.994959	0.580378	1.019519	0.887453	0.964809	1.005485	0.938902	0.964267	0.783419	0.919280	0.994880	0.998860	0.971213	0.668533	0.967861	0.976494	1.008295	0.973969	0.959695	0.856154	0.702889	0.922949	0.968598	1.018593	0.858532	0.999629	0.935008	0.516397	0.945957	0.948030	0.891961	0.907323	1.001134	1.024443	0.956610	0.916627	0.919001	0.963092	1.016874	0.889507	0.914345	0.000000	
"Joystiq"	0.988893	0.978685	1.006592	0.942632	0.935659	0.855653	0.977078	0.981919	0.984481	0.983382	0.993747	0.988370	0.967787	0.944445	0.968825	0.983079	0.297241	0.282141	0.986844	0.963630	0.941226	0.990001	0.596010	0.976206	0.969309	1.014898	0.977763	0.971855	0.915953	0.339148	0.937963	0.953031	0.915937	0.376004	0.972044	0.866904	1.003352	1.007046	0.928477	1.011245	0.984555	1.007159	0.990521	0.000000	
"Derek Powazek"	0.991547	0.690538	0.964676	0.821321	0.926537	0.941202	0.809149	0.894824	0.792278	0.901388	0.900784	0.837139	0.755791	0.895190	0.856546	0.889542	0.993023	0.930445	0.897397	0.879442	0.740626	0.787916	0.791517	0.799145	0.899007	0.816777	1.013928	0.928135	0.912340	0.767732	0.955121	0.723102	0.795082	0.889078	0.828486	0.929119	0.776474	0.914036	0.439470	0.869236	0.891761	1.013205	0.920387	0.972796	0.000000	
"Download Squad"	0.993492	1.007732	0.881094	1.004083	0.901146	0.842107	1.035508	0.868564	0.930918	0.966131	0.919591	0.994060	0.999978	0.944663	0.883340	0.965098	0.299914	0.384944	1.032544	0.983920	0.829430	0.940752	0.641073	1.010441	0.970466	0.973772	0.987653	0.994049	0.775820	0.415331	0.875003	0.888348	0.847782	0.456217	1.032756	0.883390	0.950295	1.009317	0.960994	0.964762	0.906217	0.949653	0.891959	0.233719	1.014305	0.000000	
"Jeremy Zawodny's blog"	0.916218	0.789388	0.985108	0.946592	0.935759	0.744814	0.858591	0.808929	0.844125	0.922902	0.847661	0.864202	0.742055	0.812302	0.792804	0.986957	0.889494	0.956318	0.848016	0.897905	0.674062	0.859527	0.643627	0.837766	0.861291	0.819667	1.010731	0.950179	0.877101	0.741357	0.776079	0.598410	0.704022	0.860209	0.884637	0.906767	0.820032	0.947043	0.519524	0.949785	0.906733	1.032061	0.907166	0.894812	0.633207	0.903209	0.000000	
"@ProBlogger"	1.004591	0.977106	0.961354	0.783629	0.693970	0.943448	0.979287	1.011252	0.928020	0.837786	0.969016	1.004389	0.988756	1.003721	0.844288	1.000972	0.966824	1.000436	1.019296	0.960188	0.796597	0.909379	0.976714	0.803644	0.975658	0.992606	0.976905	0.997323	0.921709	0.933925	0.956302	0.869803	0.936267	0.986681	0.992703	1.015055	0.915661	0.958884	0.944204	0.924029	0.804560	0.929650	0.968441	0.918013	0.869565	0.947188	0.881377	0.000000	
"Captain's Quarters"	0.894550	0.847296	0.976996	0.953454	0.931808	0.884039	0.770554	0.990228	0.855862	0.931987	0.922184	0.940997	0.802580	0.839674	0.867866	0.970430	0.993370	0.952118	0.858677	0.882237	0.920374	0.872099	0.760760	0.820711	0.921450	0.987332	0.946977	0.961568	0.957080	0.854209	0.986139	0.947663	0.931556	0.880299	0.887666	1.027227	0.909746	1.005199	0.783083	1.000169	1.004823	1.028718	0.990370	0.963649	0.822085	1.026219	0.767754	0.923544	0.000000	
"Crooks and Liars"	0.925757	0.903269	1.027985	0.994001	1.006706	0.870210	0.833239	0.963283	0.996281	0.893250	0.998833	0.838841	0.906207	0.915537	0.960093	1.035488	1.012637	0.972994	0.784668	0.999708	0.950780	0.834307	0.767903	0.907113	0.956726	0.978176	0.660090	0.972301	0.967861	0.914444	0.980452	0.916153	0.906890	0.908766	0.749425	1.018777	0.885318	0.988491	0.799016	1.020679	1.015359	1.029676	1.030501	1.001288	0.889516	1.036990	0.882584	0.981090	0.787085	0.000000	
"plasticbag.org"	0.987860	0.672756	0.961159	0.930659	0.936278	0.947307	0.976961	0.980349	0.869082	0.840715	0.899571	0.873465	0.946003	0.808554	0.908487	0.988030	0.960685	0.976726	0.960909	0.882464	0.793140	0.951618	0.844505	0.898316	0.919623	0.892903	0.951403	0.935976	0.975593	0.896191	0.807151	0.810012	0.852534	0.944363	0.775428	0.971052	0.963395	0.815877	0.812845	1.016550	0.868475	0.891086	0.993996	0.996427	0.877059	0.996688	0.788944	0.864658	0.935575	0.944512	0.000000	
"ThinkProgress"	0.997156	1.008126	1.013415	1.021812	0.827177	1.018505	0.980863	0.990106	1.023980	0.985531	1.011001	0.947652	1.009168	1.025817	0.990818	1.014443	0.366449	0.122825	0.984974	1.030639	0.986808	0.954303	0.619829	0.987824	0.992145	1.024868	0.907960	0.999775	0.963386	0.191068	1.001065	1.010603	0.947940	0.248184	0.957309	1.022209	0.960553	0.999992	0.948736	1.005712	0.957330	1.009204	0.994224	0.282536	0.994858	0.373660	0.995403	0.966448	0.991511	0.946945	0.987216	0.000000	
"blog maverick"	0.933470	0.808816	1.031009	0.905302	0.952487	0.907634	0.946672	0.934523	0.844505	0.850963	0.890664	0.872790	0.902268	0.873529	0.906382	0.996548	0.964834	0.984298	0.892956	0.990759	0.751586	0.941880	0.789211	0.921191	0.881301	0.970288	1.011034	0.909130	0.907385	0.864060	0.876074	0.816489	0.765814	0.945497	0.938715	0.962406	0.870534	0.917925	0.808082	0.972769	0.891827	0.892019	0.914921	0.965277	0.818647	0.980615	0.761429	0.896283	0.931869	0.908681	0.841347	0.997728	0.000000	
"gapingvoid: "cartoons drawn on the back of business cards""	0.958828	0.917895	0.968775	1.005548	0.990511	0.998173	0.942366	0.823784	0.917912	0.953852	0.925214	1.017480	0.942927	0.935725	0.917808	0.838048	0.962161	0.983075	0.918660	0.929018	0.867622	0.915553	0.942974	0.884638	0.964296	0.975492	0.996135	0.988926	0.982281	0.943184	0.893464	0.941329	0.940489	0.921099	0.927839	0.988579	0.994654	0.959613	0.855550	0.939272	0.951719	0.903397	0.923502	0.951706	0.786073	0.969974	0.851909	0.970555	0.891090	0.970745	0.952053	1.011576	0.910719	0.000000	
"Topix Blog"	0.963983	0.989053	1.001035	0.971961	0.982993	0.988630	0.991983	0.993928	1.001441	0.814974	0.991129	0.938039	0.978859	0.994691	0.952585	1.029467	0.507152	0.278870	0.972752	0.944627	0.993822	0.949601	0.649786	0.995510	0.994209	0.966982	0.983545	0.997852	0.881624	0.316336	0.996632	0.968526	0.951859	0.364535	0.986834	1.037371	1.004756	1.010823	0.916276	1.000790	0.939984	0.984742	0.991462	0.449294	0.945979	0.532324	0.945857	0.979286	0.948289	0.948911	0.998293	0.312689	0.964382	0.978502	0.000000	
"The Viral Garden"	0.963150	0.849615	0.962001	0.914865	0.863635	0.879172	0.955201	0.894246	0.908902	0.788496	0.897037	0.885408	0.887149	0.877718	0.740815	1.008008	0.970860	0.980030	0.898620	0.899004	0.661889	0.797926	0.769787	0.752769	0.884949	0.904591	0.987153	0.978558	0.884628	0.813002	0.837224	0.694367	0.791096	0.930951	0.981100	0.988227	0.863640	0.863329	0.708443	0.891860	0.807238	0.825101	0.934653	0.965374	0.728856	0.970254	0.676327	0.632895	0.909810	0.867950	0.818570	0.986607	0.706440	0.861139	0.954640	0.000000	
"43 Folders"	0.912632	0.595702	0.994484	0.884231	0.958359	0.870926	0.817084	0.806101	0.751206	0.907810	0.787646	0.785100	0.727212	0.781643	0.801515	0.918417	0.927351	0.942218	0.828849	0.914954	0.631653	0.850046	0.662310	0.789143	0.835623	0.778314	0.984562	0.912710	0.845993	0.702019	0.745906	0.537807	0.561773	0.902957	0.829229	0.868431	0.773651	0.801277	0.418997	0.885075	0.869707	0.962385	0.922558	0.955636	0.524117	0.934570	0.521157	0.904812	0.848695	0.780908	0.786440	1.013488	0.706040	0.883124	0.975666	0.679780	0.000000	
"Search Engine Watch - Latest"	1.003162	1.026647	0.216323	0.984447	0.669615	0.943858	1.037863	0.913366	0.972715	0.871216	0.953341	1.038492	1.002847	0.956307	0.680625	0.969294	0.923716	1.011614	1.009091	0.978499	0.848866	0.721625	0.945997	1.025770	0.991018	0.917046	1.006336	0.982795	0.441939	0.996525	0.951058	0.958931	0.924747	1.017104	1.007514	0.928202	0.915611	1.013684	1.018145	1.011265	0.889273	0.824636	0.588345	0.986165	1.015283	0.821268	0.979433	0.981848	1.022692	1.023368	0.971567	1.007838	0.980725	0.997144	0.972411	0.950947	0.975898	0.000000	
"Autoblog"	0.959719	0.931758	1.022485	0.933142	0.946179	0.754371	0.960699	0.920531	0.964289	0.980481	0.978895	0.944222	0.906046	0.934763	0.938626	0.984259	0.365636	0.325035	0.929625	0.909305	0.921749	0.963672	0.553083	0.978835	0.934648	0.971104	0.955620	0.972394	0.897244	0.357600	0.903775	0.900765	0.884167	0.382353	0.943156	1.003370	1.004779	0.995560	0.861501	1.013298	1.011565	1.024743	0.985692	0.198494	0.912133	0.291911	0.806339	0.957965	0.936808	0.934952	0.949948	0.344803	0.947957	0.944546	0.489204	0.941312	0.877557	0.996516	0.000000	
"Daily Kos"	0.927719	0.807425	1.005604	0.975395	0.974996	0.861964	0.758635	0.950288	0.933801	0.931765	0.918485	0.742598	0.793582	0.844234	0.914148	0.995929	0.918373	0.853689	0.699349	0.981050	0.908005	0.827348	0.603573	0.905088	0.932188	0.946606	0.690156	0.953258	0.916346	0.767215	0.937318	0.842455	0.819909	0.777736	0.717265	1.013977	0.904469	0.958738	0.699407	0.977368	0.979853	1.038562	0.993472	0.901575	0.797615	0.955365	0.742117	0.994059	0.720073	0.264594	0.917303	0.829404	0.876886	0.948810	0.880846	0.847786	0.673681	1.031901	0.835977	0.000000	
"Google Blogoscoped"	1.023472	0.890825	0.474132	0.997536	0.856671	0.891627	0.994369	0.798128	0.894044	0.855412	0.880924	0.989728	0.981992	0.881321	0.625825	0.955216	0.925105	0.999344	0.986711	0.929319	0.740891	0.632892	0.819749	0.976347	0.950092	0.886483	0.977026	0.985975	0.369227	0.892878	0.850608	0.812782	0.848601	0.974952	0.975188	0.863785	0.866936	0.949134	0.866307	0.963773	0.902078	0.867312	0.525022	0.965918	0.883461	0.809501	0.838817	0.977439	0.983156	0.977268	0.912463	1.013585	0.934463	0.917580	0.988774	0.887368	0.815772	0.475988	0.972059	0.945288	0.000000	
"Deadspin"	0.985544	0.393935	1.004814	0.985027	0.986756	0.921018	0.860901	0.978609	0.917283	0.982288	0.964327	0.990310	0.835630	0.623422	0.915693	0.990287	0.971010	0.973119	0.877912	0.997390	0.848647	0.981225	0.884449	0.824064	0.886248	0.954308	0.836543	0.939590	0.967540	0.882443	0.812432	0.875441	0.936237	0.939614	0.517337	0.869860	1.008239	0.687459	0.836804	0.997860	0.992700	0.742811	1.005667	0.924781	0.939356	1.008542	0.791119	0.995771	0.868649	0.923486	0.674388	1.003972	0.870322	0.953825	0.990691	0.925292	0.763144	1.012533	0.945308	0.861846	0.949044	0.000000	
"The Dish"	0.957070	0.777015	0.997182	0.937676	0.929967	0.917861	0.752581	0.945947	0.868180	0.929474	0.914031	0.899261	0.797066	0.735182	0.830055	0.847824	0.965741	0.947995	0.848910	0.890960	0.837456	0.894217	0.708943	0.778651	0.929536	0.873940	0.976463	0.947860	0.903510	0.818463	0.910432	0.784753	0.829808	0.880099	0.888814	0.979585	0.945416	0.928369	0.678244	0.973370	0.962913	0.960395	1.018046	0.953863	0.691944	1.000017	0.719354	0.962895	0.735928	0.807599	0.861251	1.008592	0.857566	0.887749	0.989911	0.758623	0.638226	1.000013	0.903566	0.741702	0.938947	0.813760	0.000000	
"Go Fug Yourself"	0.997994	0.874598	0.999063	0.821767	1.006006	0.987293	0.954763	0.961786	0.972403	0.900633	1.006765	0.933421	0.901988	0.948228	0.974670	0.999554	0.663464	0.508690	0.994014	0.908908	0.894499	0.957979	0.734137	0.970791	0.978037	0.981259	0.997185	0.999441	0.968254	0.533137	0.879450	0.948720	0.960592	0.548563	0.916882	0.934899	0.978922	0.958208	0.886963	0.976046	0.979283	0.997255	0.994328	0.612508	0.915346	0.668049	0.957397	0.930967	0.983950	1.012892	0.859510	0.536508	0.976227	1.017396	0.618580	0.946042	0.924365	0.966297	0.648767	0.915366	0.968439	0.930713	0.986091	0.000000	
"O'Reilly Radar"	0.751127	0.999007	0.848354	0.964056	0.921049	0.939979	0.933109	0.993696	0.942033	0.903012	0.999039	1.041208	0.973682	0.886693	0.969440	1.032446	0.996582	0.993911	0.959319	0.853481	0.973356	0.936447	0.938559	0.973554	0.992581	0.994132	1.022829	0.997838	0.911983	0.963906	1.006667	0.957316	0.973605	0.974661	1.014077	1.005695	1.009369	1.012636	0.968302	1.014993	0.962897	0.986657	0.950971	1.008972	0.982868	1.016885	0.987180	0.987657	0.969142	0.995586	0.864210	1.024493	0.924883	0.964962	1.009812	0.969496	0.961945	0.887363	0.972024	1.004949	0.953315	0.948049	0.898078	0.932003	0.000000	
"Little Green Footballs"	0.895140	0.844610	0.950411	0.969804	0.982794	0.793211	0.784904	0.971476	0.913131	0.917313	0.930260	0.805474	0.815971	0.793566	0.916524	1.006206	0.951246	0.961009	0.667279	0.968098	0.907039	0.780688	0.625442	0.877614	0.923875	0.973480	0.799408	0.927326	0.847884	0.864845	0.922133	0.875965	0.891162	0.823676	0.767947	0.978166	0.904083	0.969237	0.738571	1.009842	0.953121	0.936904	0.969309	0.950891	0.855476	0.973347	0.787650	0.981440	0.700226	0.450976	0.912542	0.942930	0.874412	0.932513	0.989086	0.830385	0.775869	0.931115	0.872413	0.324676	0.902057	0.867572	0.706130	0.978002	0.943922	0.000000	
"MetaFilter"	1.021272	0.945004	1.008066	1.000647	0.969021	1.015865	0.879618	0.965617	0.948628	1.000301	1.001832	0.921810	0.905836	1.027538	1.017638	0.975469	1.011823	0.981197	0.909084	1.009248	0.996177	0.984591	0.957005	0.963462	0.913592	1.016057	0.994817	0.925633	1.012165	0.948817	0.986103	1.003115	0.963800	0.946791	0.960532	0.940544	0.943610	1.004719	0.892542	1.000724	1.007735	1.012230	1.011338	0.996253	0.934598	1.032145	0.904959	0.983418	0.949344	1.001914	0.996713	1.000366	0.949787	0.976998	1.008883	0.983456	0.907211	1.021924	0.992444	0.951909	1.008625	0.969398	0.960298	0.979762	0.970514	0.966852	0.000000	
"ReadWrite"	0.901796	0.916346	0.774333	0.925143	0.916545	0.812374	0.918563	0.851504	0.875564	0.880254	0.918626	0.844913	0.885983	0.791730	0.769637	0.983527	0.434744	0.446616	0.875630	0.916585	0.714958	0.838525	0.478457	0.961676	0.953819	0.818448	1.004178	0.938617	0.612518	0.378851	0.856344	0.671805	0.667915	0.462910	0.969361	0.960821	0.866399	0.965566	0.748529	0.928319	0.843725	0.911294	0.786480	0.551954	0.859578	0.485855	0.755728	0.980799	0.909675	0.889264	0.896438	0.496818	0.801939	0.958845	0.515622	0.823367	0.715334	0.728127	0.550864	0.772067	0.690185	0.935373	0.810498	0.710249	0.921542	0.834995	1.001298	0.000000	
"Lifehack"	0.982333	0.966969	1.012082	0.960604	0.602470	0.985055	0.939003	0.932808	1.006329	0.939608	0.950485	0.948292	0.982507	0.982270	0.933817	1.010216	0.931753	0.979527	1.035053	0.997083	0.869116	0.884856	0.980762	0.963827	0.911004	0.944734	0.921110	0.983963	0.944405	0.917020	0.913300	0.918093	0.917012	0.998390	0.955358	1.028668	0.924457	0.903518	0.900709	0.993307	0.845954	1.004145	0.962681	0.917578	0.893064	0.914421	0.953602	0.875192	0.973446	0.983018	0.896474	0.754860	0.941247	1.014472	0.960413	0.894323	0.881960	0.981237	0.950350	0.971589	0.949274	0.980010	0.918489	1.012855	1.018463	0.991290	0.982701	0.955742	0.000000	
"Lifehacker"	0.966918	0.497031	1.014399	0.946645	0.954717	0.874032	0.974662	0.887912	0.864078	0.938095	0.885798	0.937734	0.895957	0.675460	0.909985	0.973487	0.872018	0.988339	0.984864	0.982722	0.742970	1.016725	0.887016	0.856904	0.919633	0.902463	0.882410	0.975160	0.880241	0.899319	0.718433	0.738992	0.776869	0.998861	0.634105	0.955602	0.935533	0.676586	0.891939	0.954234	0.917455	0.786423	0.984063	0.985270	0.919579	0.903160	0.839590	0.930893	0.948224	0.983617	0.664889	1.022092	0.833358	0.984026	0.984154	0.889840	0.719405	0.958691	0.970884	0.932693	0.864164	0.422398	0.827368	0.926012	1.023438	0.954674	0.968055	0.823036	0.906287	0.000000	
"Google Operating System"	0.998809	1.002069	0.286166	1.013845	0.796645	0.914694	1.041288	0.852025	0.963973	0.877095	0.978709	1.033759	1.010109	0.926918	0.599961	0.937523	0.914232	1.010656	1.015599	1.002504	0.795932	0.638561	0.927251	0.998809	0.997210	0.927742	0.992194	0.955823	0.305897	0.976604	0.947085	0.909655	0.906340	0.999044	1.024752	0.904567	0.911297	0.979505	1.004128	0.964515	0.915738	0.799606	0.458260	0.953977	0.998254	0.735288	0.949309	0.993188	1.022781	1.017479	0.998352	1.019696	0.935999	0.963778	1.001602	0.969155	0.963122	0.230834	0.962376	1.029514	0.305600	0.995205	1.025450	1.002330	0.908438	0.918308	1.024406	0.703146	0.991634	0.930713	0.000000	
"ShoeMoney"	1.002770	0.940961	0.869913	0.965025	0.924911	0.940346	0.967075	0.976260	0.944509	0.915437	0.970327	1.004807	0.997052	0.905245	0.900360	0.874290	0.943837	1.005788	0.960663	1.014902	0.869381	0.950678	0.915675	0.929570	0.985123	0.840254	1.005820	0.969595	0.968746	0.978372	0.994905	0.940173	0.967610	0.983468	1.037264	1.009086	0.898260	0.993398	0.944594	0.847184	0.999227	0.845592	0.944446	1.002439	0.897001	0.999188	0.914589	0.891094	0.899868	0.995634	0.927941	1.010491	0.962054	0.953049	1.018992	0.887899	0.889209	0.921957	0.999565	0.983696	0.901074	1.011511	0.910405	0.838940	1.006817	0.933325	0.961932	0.886716	0.993871	0.972084	0.941769	0.000000	
"Kotaku"	1.013093	0.507344	0.990342	0.935497	0.944705	0.931411	0.885912	1.013203	0.933814	0.996306	0.978094	0.979682	0.945067	0.681684	0.941213	1.024715	0.987440	0.960339	0.860308	0.944328	0.715042	0.955263	0.951106	0.855957	0.887547	0.988787	0.747564	0.958326	0.951052	0.929761	0.859953	0.910752	0.936821	0.962625	0.530939	0.861301	0.953694	0.693140	0.913064	1.016551	1.026597	0.799382	0.976823	0.917741	0.927005	1.011079	0.956691	0.969430	0.970132	0.950186	0.766122	1.011325	0.904352	0.983357	0.982862	0.970423	0.801573	0.991692	0.972353	0.919642	0.964261	0.366546	0.915783	0.948992	1.006780	0.911253	0.986285	0.949260	0.974758	0.479233	0.987557	1.034183	0.000000	
"Mashable"	0.974290	0.690274	0.982644	0.960575	0.989700	0.818443	0.630141	0.987014	0.960906	0.951239	0.984741	0.956449	0.851631	0.720540	0.908211	0.957194	0.759786	0.945252	0.943700	0.948630	0.839250	0.924734	0.868632	0.892295	0.687003	0.942715	0.892590	0.916787	0.864898	0.898441	0.831014	0.830713	0.865200	0.870553	0.663953	0.997238	1.000661	0.858491	0.878826	0.954328	0.942333	0.845534	0.969172	0.906245	0.927638	0.867099	0.903621	0.979171	0.901581	0.934837	0.794879	1.005279	0.893283	0.952493	0.996715	0.851489	0.865385	0.931842	0.875687	0.889824	0.870050	0.631193	0.821100	0.969117	0.974282	0.858981	0.925209	0.784307	0.921916	0.599730	0.884701	0.968269	0.699489	0.000000	
"TechCrunch"	0.682055	0.891196	0.877916	0.957359	0.974369	0.710620	0.929876	0.959302	0.881187	0.759627	0.901793	0.919252	0.889180	0.749230	0.817099	0.973902	0.892046	0.987718	0.949193	0.913723	0.783407	0.754958	0.663368	0.972528	0.986175	0.880047	0.963448	0.990097	0.732835	0.894432	0.906158	0.788122	0.871738	0.869722	0.974978	0.970631	0.911436	0.984551	0.854815	0.922207	0.940081	0.804646	0.860025	0.978979	0.883973	0.917403	0.810191	0.945734	0.887716	0.854221	0.887405	1.005296	0.824258	0.958404	0.950784	0.726723	0.829680	0.874531	0.967853	0.751723	0.786368	0.902465	0.852530	0.904334	0.899016	0.759572	0.996257	0.649952	0.960412	0.873209	0.822346	0.881425	0.978685	0.784557	0.000000	
"Gizmodo"	0.978113	0.798101	1.008697	0.997865	0.998571	0.989253	0.965350	0.975967	0.958382	0.996414	0.990196	0.937293	0.965049	0.875525	0.976585	1.001867	0.364029	0.101156	0.986309	1.014203	0.951406	0.988192	0.564725	0.962369	0.979060	0.973051	0.960759	0.983168	0.937979	0.149468	0.914536	0.933616	0.884287	0.215716	0.877291	0.993762	0.983589	0.895099	0.872706	0.988756	1.005686	0.946700	1.007638	0.298695	0.954365	0.379116	0.943365	0.996023	0.979750	0.986253	0.908742	0.137861	0.961595	1.005982	0.294307	0.963900	0.886416	1.009249	0.343216	0.868677	0.975607	0.799492	0.939322	0.489751	0.995998	0.970713	0.996757	0.446554	0.973048	0.789740	1.004011	0.970606	0.843865	0.892522	0.967797	0.000000	
"Neil Gaiman's Journal"	0.978733	0.795257	0.995120	0.932741	0.971287	0.939896	0.871951	0.928424	0.876713	0.933243	0.922882	0.883523	0.843864	0.907147	0.884534	0.853001	0.441217	0.181972	0.922116	0.904407	0.833896	0.907469	0.533972	0.835381	0.940225	0.895110	1.002320	0.930799	0.891459	0.159603	0.943939	0.832874	0.820849	0.263675	0.905351	0.953357	0.882597	0.926244	0.651326	0.922705	0.964196	0.830327	0.979028	0.379580	0.704273	0.472037	0.727321	0.913219	0.869874	0.929119	0.880888	0.269302	0.878617	0.839803	0.378643	0.810751	0.680389	1.011332	0.403191	0.795570	0.934736	0.883387	0.789628	0.536854	0.975789	0.878436	0.965947	0.450089	0.975430	0.893570	0.992647	0.867153	0.925018	0.929692	0.917036	0.208382	0.000000	
"Quick Online Tips"	1.013983	0.806371	0.857382	0.997647	0.957991	0.919400	1.037833	0.886394	0.829040	0.924574	0.932852	1.048577	1.013966	0.817138	0.900765	0.940461	0.971032	1.021563	0.986962	0.978010	0.861179	0.920375	1.015319	0.910452	0.954791	0.977415	0.961468	0.904655	0.822371	0.972466	0.753050	0.949834	0.952308	1.004314	0.853266	0.918572	0.943864	0.806535	1.034987	0.983462	0.996256	0.823546	0.898718	0.966276	1.027090	0.913428	1.010353	1.009713	1.036864	1.060229	0.825965	1.012951	0.863625	1.002450	1.017128	0.976422	0.968205	0.828073	0.947762	1.050859	0.809077	0.764793	0.966011	0.860905	1.026730	1.009786	0.999019	0.919236	0.991387	0.741563	0.781381	0.895908	0.806946	0.801362	0.872605	0.931470	0.956835	0.000000	
"Oilman"	0.986823	0.899044	0.873564	0.927790	0.843451	0.972988	0.941734	0.895525	0.958620	0.887450	0.834991	0.926499	0.821124	0.957292	0.840664	1.008384	0.980174	0.984288	0.922948	0.980105	0.733762	0.850430	0.913237	0.936467	0.896968	0.844636	0.951955	0.956118	0.954484	0.877759	0.847079	0.806704	0.816505	0.976908	1.013289	0.987342	0.880086	0.948910	0.759716	0.919281	0.846347	0.899893	0.931015	0.957825	0.801921	0.973160	0.774611	0.839874	0.897502	0.976592	0.846285	0.986702	0.874063	0.903713	0.947995	0.740321	0.685347	0.879368	0.957119	0.904831	0.928778	0.968669	0.905868	0.952058	0.947519	0.925143	0.961846	0.889632	0.906007	0.936281	0.943440	0.888055	0.989181	0.949835	0.887751	0.985444	0.868866	0.941084	0.000000	
"Gawker"	0.959247	0.439553	1.015712	0.965694	0.992614	0.924404	0.859716	1.028048	0.970526	0.973453	0.983711	0.899808	0.873366	0.705203	0.949203	1.010008	0.999323	0.936600	0.897450	0.974915	0.745332	0.965475	0.906236	0.859450	0.816937	1.025739	0.727824	0.954125	0.951017	0.912671	0.867521	0.928314	0.938353	0.936873	0.541688	1.005589	0.995888	0.709146	0.873443	1.011908	1.012999	0.764550	1.009508	0.998357	0.908061	1.038776	0.864685	1.000164	0.933305	0.896401	0.742206	0.997346	0.850694	0.985434	0.968819	0.920493	0.802959	1.023353	0.951061	0.854887	0.979138	0.393029	0.906146	0.940546	1.032037	0.887934	0.966033	0.944084	0.954108	0.490615	1.019431	1.017976	0.367233	0.681028	0.926107	0.835241	0.882231	0.808938	0.963786	0.000000	
"Michelle Malkin"	0.987529	1.013930	0.989470	0.973240	1.009566	0.952478	0.942157	0.990711	1.003812	1.001898	0.994924	0.976687	0.995661	0.978855	1.013282	0.975488	0.980778	1.008612	0.800037	0.989762	1.058543	0.989081	0.953086	1.003690	1.039967	1.041913	0.836548	0.988504	0.995268	1.002155	1.014536	1.007224	1.013998	0.995045	0.839930	0.997675	1.032681	1.044600	1.006454	1.014525	1.010261	1.023814	1.011807	0.981858	0.999689	1.019978	1.010169	1.038091	0.900169	0.698867	0.991760	0.937560	1.006159	0.936830	1.007550	1.040061	0.984374	1.004481	0.958147	0.640684	1.036314	0.976081	0.939885	1.013669	1.016256	0.726236	1.011165	0.965443	1.035841	1.008600	1.028966	1.027121	1.001562	0.937356	0.976294	1.017627	1.009731	1.002745	1.041880	0.969312	0.000000	
"Wired Top Stories"	1.005392	0.990312	0.998658	0.997368	1.001545	0.996308	0.960193	1.000083	1.000819	1.019012	1.006443	0.965929	0.989321	0.996117	0.997847	0.990960	0.346931	0.061058	1.000841	1.012289	1.003398	0.998667	0.595308	1.001287	0.977020	0.996948	1.008357	0.991443	0.941126	0.154193	1.005556	1.007368	0.923168	0.181769	0.985113	0.983894	1.019889	1.007792	0.937933	0.999748	1.009879	1.011229	1.003866	0.269617	0.993139	0.360489	0.997924	1.006836	1.000874	1.015343	1.011596	0.107756	1.020664	0.997351	0.279443	1.012469	0.995277	1.008269	0.336783	0.897198	1.008401	0.988582	0.982301	0.509059	1.004487	0.992221	0.994507	0.454840	0.998383	0.986738	1.006744	1.004776	0.981178	0.959645	0.996610	0.079454	0.211718	1.005220	1.014780	0.990920	1.015343	0.000000	
"Seth Godin's Blog on marketing, tribes and respect"	1.032685	0.992852	1.017382	0.906929	0.985159	1.017815	1.013042	0.976986	0.957704	0.966420	0.968094	0.966978	1.013699	1.013782	1.016980	0.947691	0.598436	0.435707	1.006864	0.977635	0.966979	1.036416	0.694023	0.991194	1.035424	1.019726	1.015229	1.014310	0.948548	0.436946	0.963375	0.912683	0.849167	0.501129	1.055569	1.002373	0.999050	0.988024	0.937093	1.019499	0.954785	1.035980	0.974028	0.527356	0.982205	0.610987	0.930390	0.931942	0.988454	1.036908	0.982771	0.432170	0.863154	0.999517	0.544480	0.940986	0.948858	1.024883	0.595406	0.941036	0.969963	0.975064	0.964378	0.710005	0.977878	1.054219	1.012621	0.624823	0.947613	0.959273	1.002500	1.022602	1.017609	1.020595	0.980942	0.428600	0.490440	0.971656	1.012617	0.991293	0.977283	0.408525	0.000000	
